state,Red Flag Laws,Relinquishment Laws,Assault Weapon Ban,High-Capacity Magazine ban,Prohibition for high-risk individuals,Prohibitions for individual with domestic violence covictions,Mandatory universal background checks
Alabama,0,0,0,0,1,1,0
Alaska,0,0,0,0,1,0,0
Arizona,0,0,0,0,1,1,0
Arkansas,0,0,0,0,1,0,0
California,1,1,1,1,1,1,1
Colorado,0,0,0,1,1,1,1
Connecticut,1,1,1,1,1,1,1
Delaware,0,0,0,0,1,1,1
District of Columbia,0,0,1,1,1,1,1
Florida,0,0,0,0,1,1,0
Georgia,0,0,0,0,1,0,0
Hawaii,0,1,0,0,1,1,1
Idaho,0,0,0,0,0,0,0
Illinois,0,1,0,0,1,1,1
Indiana,1,0,0,0,0,1,0
Iowa,0,0,0,0,1,1,1
Kansas,0,0,0,0,1,0,0
Kentucky,0,0,0,0,1,0,0
Louisiana,0,0,0,0,0,1,0
Maine,0,0,0,0,1,1,0
Maryland,0,0,1,1,1,1,1
Massachusetts,0,1,1,1,1,1,1
Michigan,0,0,0,0,1,0,1
Minnesota,0,0,0,0,1,1,0
Mississippi,0,0,0,0,1,0,0
Missouri,0,0,0,0,1,0,0
Montana,0,0,0,0,0,0,0
Nebraska,0,0,0,0,1,1,1
Nevada,0,0,0,0,1,1,1
New Hampshire,0,0,0,0,0,1,0
New Jersey,0,0,1,1,1,1,1
New Mexico,0,0,0,0,1,0,0
New York,0,1,1,1,1,1,1
North Carolina,0,0,0,0,1,1,1
North Dakota,0,0,0,0,1,0,0
Ohio,0,0,0,0,1,0,0
Oklahoma,0,0,0,0,1,0,0
Oregon,1,0,0,0,1,1,1
Pennsylvania,0,1,0,0,1,1,1
Rhode Island,0,0,0,0,1,0,1
South Carolina,0,0,0,0,1,0,0
South Dakota,0,0,0,0,1,1,0
Tennessee,0,0,0,0,1,1,0
Texas,0,0,0,0,1,1,0
Utah,0,0,0,0,1,1,0
Vermont,0,0,0,0,0,1,0
Virginia,0,0,0,0,1,1,0
Washington,1,0,0,0,1,1,1
West Virginia,0,0,0,0,1,1,0
Wisconsin,0,0,0,0,1,1,0
Wyoming,0,0,0,0,1,0,0
